Heuristic,Total_Experiments,Successful,Success_Rate,Avg_Time,Median_Time,Avg_Memory,Avg_Plan_Length,Avg_Search_Nodes,Domains_Tested,Problems_Tested
Centroids,13,11,0.8461538461538461,5.78656402501193,2.029186725616455,161.3565340909091,16.636363636363637,76.45454545454545,5,8
DTG,13,11,0.8461538461538461,13.998756950551812,1.325387954711914,185.6974431818182,14.0,156.36363636363637,5,8
DTG+Landmarks,13,11,0.8461538461538461,5.741417819803411,2.073110580444336,161.88210227272728,16.636363636363637,76.45454545454545,5,8
MCS,13,5,0.3846153846153846,325.56447477340697,7.261586904525757,523.45625,12.0,51611.6,5,8
Centroids,13,4,0.3076923076923077,83.80494076013565,21.94926941394806,269.67578125,10.0,24139.75,5,8
