{
  "config": {
    "domain": "driverlog",
    "problem": "Pfile2",
    "heuristic": 2,
    "agents": [
      "driver1",
      "driver2"
    ],
    "agent_files": [
      [
        "../Domains/driverlog/Pfile2/DomainDriverlog.pddl",
        "../Domains/driverlog/Pfile2/ProblemDriverlogdriver1.pddl"
      ],
      [
        "../Domains/driverlog/Pfile2/DomainDriverlog.pddl",
        "../Domains/driverlog/Pfile2/ProblemDriverlogdriver2.pddl"
      ]
    ],
    "timeout_seconds": 1800,
    "memory_limit_mb": 8192
  },
  "search": {
    "coverage": true,
    "wall_clock_time": 1.9545350074768066,
    "cpu_time": 29.646655121000002,
    "peak_memory_mb": 145.21875,
    "search_nodes": 103,
    "dtg_heuristic_values": [
      0,
      15,
      14,
      15,
      14,
      15,
      11,
      14,
      13,
      11,
      11,
      9,
      9,
      8,
      7,
      7,
      7,
      11,
      7,
      7,
      6,
      9,
      9,
      7,
      9,
      5,
      4,
      4,
      6,
      5,
      4,
      4,
      4,
      5,
      4,
      5,
      6,
      4,
      3,
      2,
      2,
      2,
      4,
      4,
      3,
      6,
      5,
      5,
      2,
      7,
      7,
      5,
      6,
      3,
      2,
      2,
      9,
      3,
      2,
      3,
      3,
      3,
      3,
      3,
      3,
      3,
      3,
      3,
      2,
      4,
      4,
      4,
      4,
      2,
      4,
      4,
      4,
      3,
      3,
      3,
      2,
      5,
      5,
      5,
      5,
      5,
      7,
      7,
      5,
      7,
      6,
      5,
      4,
      8,
      4,
      4,
      4,
      6,
      8,
      4,
      4,
      1,
      0
    ],
    "landmark_heuristic_values": [
      0,
      7,
      7,
      7,
      7,
      6,
      6,
      7,
      6,
      6,
      5,
      5,
      5,
      4,
      4,
      3,
      4,
      4,
      4,
      3,
      2,
      2,
      5,
      4,
      3,
      2,
      1,
      1,
      3,
      3,
      1,
      0,
      1,
      2,
      1,
      3,
      2,
      0,
      0,
      0,
      0,
      0,
      0,
      1,
      0,
      2,
      3,
      2,
      0,
      3,
      2,
      1,
      1,
      1,
      0,
      0,
      1,
      1,
      0,
      0,
      0,
      0,
      0,
      0,
      0,
      0,
      0,
      1,
      0,
      1,
      1,
      1,
      1,
      0,
      1,
      1,
      1,
      0,
      0,
      0,
      0,
      1,
      1,
      1,
      1,
      1,
      3,
      2,
      1,
      3,
      1,
      0,
      0,
      0,
      0,
      0,
      0,
      1,
      4,
      0,
      0,
      0,
      0
    ]
  },
  "plan": {
    "plan_found": true,
    "plan_length": 21,
    "makespan": 10.0,
    "actions": [
      [
        0.0,
        "(Board-Truck driver1 truck1 s0)"
      ],
      [
        1.0,
        "(Drive-Truck truck1 s0 s2 driver1)"
      ],
      [
        2.0,
        "(Load-Truck package1 truck1 s2)"
      ],
      [
        3.0,
        "(Drive-Truck truck1 s2 s0 driver1)"
      ],
      [
        4.0,
        "(Unload-Truck package1 truck1 s0)"
      ],
      [
        5.0,
        "(Drive-Truck truck1 s0 s2 driver1)"
      ],
      [
        6.0,
        "(Unload-Truck package2 truck2 s2)"
      ],
      [
        7.0,
        "(Disembark-Truck driver1 truck1 s2)"
      ],
      [
        8.0,
        "(Walk driver1 s2 p2-1)"
      ],
      [
        9.0,
        "(Unload-Truck package3 truck2 s0)"
      ],
      [
        10.0,
        "(Walk driver1 p2-1 s1)"
      ],
      [
        0.0,
        "(Walk driver2 s0 p0-1)"
      ],
      [
        1.0,
        "(Walk driver2 p0-1 s1)"
      ],
      [
        2.0,
        "(Load-Truck package2 truck2 s1)"
      ],
      [
        3.0,
        "(Load-Truck package3 truck2 s1)"
      ],
      [
        4.0,
        "(Board-Truck driver2 truck2 s1)"
      ],
      [
        5.0,
        "(Drive-Truck truck2 s1 s2 driver2)"
      ],
      [
        7.0,
        "(Drive-Truck truck2 s2 s0 driver2)"
      ],
      [
        8.0,
        "(Disembark-Truck driver2 truck2 s0)"
      ],
      [
        9.0,
        "(Walk driver2 s0 p0-1)"
      ],
      [
        10.0,
        "(Walk driver2 p0-1 s1)"
      ]
    ]
  },
  "error_message": null,
  "stdout_log": "; Hdtg = 0, Hlan = 0\n; Hdtg = 15, Hlan = 7\n; Hdtg = 14, Hlan = 7\n; Hdtg = 15, Hlan = 7\n; Hdtg = 14, Hlan = 7\n; Hdtg = 15, Hlan = 6\n; Hdtg = 11, Hlan = 6\n; Hdtg = 14, Hlan = 7\n; Hdtg = 13, Hlan = 6\n; Hdtg = 11, Hlan = 6\n; Hdtg = 11, Hlan = 5\n; Hdtg = 9, Hlan = 5\n; Hdtg = 9, Hlan = 5\n; Hdtg = 8, Hlan = 4\n; Hdtg = 7, Hlan = 4\n; Hdtg = 7, Hlan = 3\n; Hdtg = 7, Hlan = 4\n; Hdtg = 11, Hlan = 4\n; Hdtg = 7, Hlan = 4\n; Hdtg = 7, Hlan = 3\n; Hdtg = 6, Hlan = 2\n; Hdtg = 9, Hlan = 2\n; Hdtg = 9, Hlan = 5\n; Hdtg = 7, Hlan = 4\n; Hdtg = 9, Hlan = 3\n; Hdtg = 5, Hlan = 2\n; Hdtg = 4, Hlan = 1\n; Hdtg = 4, Hlan = 1\n; Hdtg = 6, Hlan = 3\n; Hdtg = 5, Hlan = 3\n; Hdtg = 4, Hlan = 1\n; Hdtg = 4, Hlan = 0\n; Hdtg = 4, Hlan = 1\n; Hdtg = 5, Hlan = 2\n; Hdtg = 4, Hlan = 1\n; Hdtg = 5, Hlan = 3\n; Hdtg = 6, Hlan = 2\n; Hdtg = 4, Hlan = 0\n; Hdtg = 3, Hlan = 0\n; Hdtg = 2, Hlan = 0\n; Hdtg = 2, Hlan = 0\n; Hdtg = 2, Hlan = 0\n; Hdtg = 4, Hlan = 0\n; Hdtg = 4, Hlan = 1\n; Hdtg = 3, Hlan = 0\n; Hdtg = 6, Hlan = 2\n; Hdtg = 5, Hlan = 3\n; Hdtg = 5, Hlan = 2\n; Hdtg = 2, Hlan = 0\n; Hdtg = 7, Hlan = 3\n; Hdtg = 7, Hlan = 2\n; Hdtg = 5, Hlan = 1\n; Hdtg = 6, Hlan = 1\n; Hdtg = 3, Hlan = 1\n; Hdtg = 2, Hlan = 0\n; Hdtg = 2, Hlan = 0\n; Hdtg = 9, Hlan = 1\n; Hdtg = 3, Hlan = 1\n; Hdtg = 2, Hlan = 0\n; Hdtg = 3, Hlan = 0\n; Hdtg = 3, Hlan = 0\n; Hdtg = 3, Hlan = 0\n; Hdtg = 3, Hlan = 0\n; Hdtg = 3, Hlan = 0\n; Hdtg = 3, Hlan = 0\n; Hdtg = 3, Hlan = 0\n; Hdtg = 3, Hlan = 0\n; Hdtg = 3, Hlan = 1\n; Hdtg = 2, Hlan = 0\n; Hdtg = 4, Hlan = 1\n; Hdtg = 4, Hlan = 1\n; Hdtg = 4, Hlan = 1\n; Hdtg = 4, Hlan = 1\n; Hdtg = 2, Hlan = 0\n; Hdtg = 4, Hlan = 1\n; Hdtg = 4, Hlan = 1\n; Hdtg = 4, Hlan = 1\n; Hdtg = 3, Hlan = 0\n; Hdtg = 3, Hlan = 0\n; Hdtg = 3, Hlan = 0\n; Hdtg = 2, Hlan = 0\n; Hdtg = 5, Hlan = 1\n; Hdtg = 5, Hlan = 1\n; Hdtg = 5, Hlan = 1\n; Hdtg = 5, Hlan = 1\n; Hdtg = 5, Hlan = 1\n; Hdtg = 7, Hlan = 3\n; Hdtg = 7, Hlan = 2\n; Hdtg = 5, Hlan = 1\n; Hdtg = 7, Hlan = 3\n; Hdtg = 6, Hlan = 1\n; Hdtg = 5, Hlan = 0\n; Hdtg = 4, Hlan = 0\n; Hdtg = 8, Hlan = 0\n; Hdtg = 4, Hlan = 0\n; Hdtg = 4, Hlan = 0\n; Hdtg = 4, Hlan = 0\n; Hdtg = 6, Hlan = 1\n; Hdtg = 8, Hlan = 4\n; Hdtg = 4, Hlan = 0\n; Hdtg = 4, Hlan = 0\n; Hdtg = 1, Hlan = 0\n; Hdtg = 0, Hlan = 0\n\n; Solution plan - CoDMAP Distributed format\n; -----------------------------------------\n0: (Board-Truck driver1 truck1 s0)\n1: (Drive-Truck truck1 s0 s2 driver1)\n2: (Load-Truck package1 truck1 s2)\n3: (Drive-Truck truck1 s2 s0 driver1)\n4: (Unload-Truck package1 truck1 s0)\n5: (Drive-Truck truck1 s0 s2 driver1)\n6: (Unload-Truck package2 truck2 s2)\n7: (Disembark-Truck driver1 truck1 s2)\n8: (Walk driver1 s2 p2-1)\n9: (Unload-Truck package3 truck2 s0)\n10: (Walk driver1 p2-1 s1)\n0: (Walk driver2 s0 p0-1)\n1: (Walk driver2 p0-1 s1)\n2: (Load-Truck package2 truck2 s1)\n3: (Load-Truck package3 truck2 s1)\n4: (Board-Truck driver2 truck2 s1)\n5: (Drive-Truck truck2 s1 s2 driver2)\n7: (Drive-Truck truck2 s2 s0 driver2)\n8: (Disembark-Truck driver2 truck2 s0)\n9: (Walk driver2 s0 p0-1)\n10: (Walk driver2 p0-1 s1)\n; Stopping...\n",
  "stderr_log": ""
}