{
  "config": {
    "domain": "driverlog",
    "problem": "Pfile1",
    "heuristic": 5,
    "agents": [
      "driver2",
      "driver1"
    ],
    "agent_files": [
      [
        "../Domains/driverlog/Pfile1/DomainDriverlog.pddl",
        "../Domains/driverlog/Pfile1/ProblemDriverlogdriver2.pddl"
      ],
      [
        "../Domains/driverlog/Pfile1/DomainDriverlog.pddl",
        "../Domains/driverlog/Pfile1/ProblemDriverlogdriver1.pddl"
      ]
    ],
    "timeout_seconds": 1800,
    "memory_limit_mb": 8192
  },
  "search": {
    "coverage": true,
    "wall_clock_time": 1.0069890022277832,
    "cpu_time": 7.735504351,
    "peak_memory_mb": 108.984375,
    "search_nodes": 217,
    "dtg_heuristic_values": [
      0,
      1,
      2,
      2,
      2,
      2,
      2,
      1,
      2,
      1,
      1,
      1,
      1,
      1,
      1,
      2,
      2,
      2,
      1,
      2,
      2,
      1,
      2,
      2,
      1,
      2,
      1,
      2,
      1,
      2,
      2,
      1,
      1,
      2,
      1,
      1,
      2,
      1,
      1,
      1,
      1,
      1,
      2,
      2,
      2,
      1,
      1,
      1,
      1,
      1,
      1,
      1,
      2,
      1,
      2,
      1,
      2,
      2,
      1,
      2,
      1,
      1,
      1,
      1,
      1,
      2,
      2,
      1,
      2,
      1,
      1,
      1,
      1,
      2,
      1,
      1,
      1,
      2,
      1,
      2,
      1,
      1,
      1,
      1,
      1,
      1,
      2,
      2,
      1,
      1,
      1,
      2,
      2,
      1,
      1,
      1,
      1,
      1,
      1,
      2,
      1,
      1,
      1,
      1,
      2,
      1,
      2,
      1,
      1,
      2,
      2,
      1,
      1,
      1,
      2,
      1,
      1,
      1,
      1,
      2,
      1,
      1,
      1,
      1,
      1,
      2,
      2,
      2,
      2,
      1,
      1,
      1,
      1,
      1,
      1,
      1,
      2,
      1,
      1,
      1,
      1,
      1,
      1,
      2,
      2,
      2,
      2,
      1,
      1,
      2,
      2,
      1,
      2,
      1,
      1,
      1,
      1,
      1,
      1,
      1,
      1,
      2,
      1,
      1,
      1,
      2,
      2,
      1,
      1,
      1,
      1,
      2,
      1,
      1,
      1,
      1,
      1,
      1,
      1,
      1,
      1,
      1,
      1,
      1,
      1,
      1,
      2,
      2,
      2,
      1,
      2,
      2,
      1,
      1,
      2,
      1,
      1,
      1,
      1,
      2,
      2,
      2,
      2,
      2,
      2,
      1,
      2,
      1,
      1,
      1,
      1,
      1,
      1,
      1,
      1,
      1,
      0
    ],
    "landmark_heuristic_values": [
      0,
      0,
      0,
      0,
      0,
      0,
      0,
      0,
      0,
      0,
      0,
      0,
      0,
      0,
      0,
      0,
      0,
      0,
      0,
      0,
      0,
      0,
      0,
      0,
      0,
      0,
      0,
      0,
      0,
      0,
      0,
      0,
      0,
      0,
      0,
      0,
      0,
      0,
      0,
      0,
      0,
      0,
      0,
      0,
      0,
      0,
      0,
      0,
      0,
      0,
      0,
      0,
      0,
      0,
      0,
      0,
      0,
      0,
      0,
      0,
      0,
      0,
      0,
      0,
      0,
      0,
      0,
      0,
      0,
      0,
      0,
      0,
      0,
      0,
      0,
      0,
      0,
      0,
      0,
      0,
      0,
      0,
      0,
      0,
      0,
      0,
      0,
      0,
      0,
      0,
      0,
      0,
      0,
      0,
      0,
      0,
      0,
      0,
      0,
      0,
      0,
      0,
      0,
      0,
      0,
      0,
      0,
      0,
      0,
      0,
      0,
      0,
      0,
      0,
      0,
      0,
      0,
      0,
      0,
      0,
      0,
      0,
      0,
      0,
      0,
      0,
      0,
      0,
      0,
      0,
      0,
      0,
      0,
      0,
      0,
      0,
      0,
      0,
      0,
      0,
      0,
      0,
      0,
      0,
      0,
      0,
      0,
      0,
      0,
      0,
      0,
      0,
      0,
      0,
      0,
      0,
      0,
      0,
      0,
      0,
      0,
      0,
      0,
      0,
      0,
      0,
      0,
      0,
      0,
      0,
      0,
      0,
      0,
      0,
      0,
      0,
      0,
      0,
      0,
      0,
      0,
      0,
      0,
      0,
      0,
      0,
      0,
      0,
      0,
      0,
      0,
      0,
      0,
      0,
      0,
      0,
      0,
      0,
      0,
      0,
      0,
      0,
      0,
      0,
      0,
      0,
      0,
      0,
      0,
      0,
      0,
      0,
      0,
      0,
      0,
      0,
      0
    ]
  },
  "plan": {
    "plan_found": true,
    "plan_length": 7,
    "makespan": 6.0,
    "actions": [
      [
        0.0,
        "(Walk driver1 s2 p1-2)"
      ],
      [
        1.0,
        "(Walk driver1 p1-2 s1)"
      ],
      [
        2.0,
        "(Walk driver1 s1 p1-0)"
      ],
      [
        3.0,
        "(Walk driver1 p1-0 s0)"
      ],
      [
        4.0,
        "(Board-Truck driver1 truck1 s0)"
      ],
      [
        5.0,
        "(Drive-Truck truck1 s0 s1 driver1)"
      ],
      [
        6.0,
        "(Disembark-Truck driver1 truck1 s1)"
      ]
    ]
  },
  "error_message": null,